,val_auc,val_auc,val_auc,val_auc,val_ap,val_ap,val_ap,val_ap,test_auc,test_auc,test_auc,test_auc,test_ap,test_ap,test_ap,test_ap,test_top5_R,test_top5_R,test_top5_R,test_top5_R,test_f1_bestT,test_f1_bestT,test_f1_bestT,test_f1_bestT
,mean,std,min,max,mean,std,min,max,mean,std,min,max,mean,std,min,max,mean,std,min,max,mean,std,min,max
model,,,,,,,,,,,,,,,,,,,,,,,,
lgb,0.8818535980770801,0.04858019279078896,0.8225526003294839,0.9264707850514755,0.9376659092677627,0.05026642729190577,0.8590944608106497,0.9798018384926679,0.8540433274792683,0.02835225517304641,0.8216561367546397,0.889949236047098,0.9203050888896751,0.02944143103464846,0.8766899454847641,0.9568059993554925,0.07841504575932487,0.010520331002206972,0.061304128902316214,0.088,0.8156120715172543,0.0540064876022591,0.7712446351931331,0.908736918958384
